product_id,name,category,price,cost_of_goods,first_listed_date,stock_qty,brand,rating
P001,Kemeja Flannel Var1,CLOTHING,237621,100339,2025-01-10,290,CottonLab,4.4
P002,Kemeja Flannel Var2,CLOTHING,96868,51857,2025-01-10,429,Flanello,4.6
P003,Kemeja Flannel Var3,CLOTHING,78331,31799,2025-01-10,261,CottonLab,4.6
P004,Kemeja Flannel Var4,CLOTHING,76956,39420,2025-01-10,482,Capster,4.5
P005,Kemeja Flannel Var5,CLOTHING,187757,97230,2025-01-10,153,CottonLab,4.7
P006,Kaos Oversize Var1,CLOTHING,159194,72524,2025-01-10,260,UrbanWear,4.3
P007,Kaos Oversize Var2,CLOTHING,169595,71118,2025-01-10,326,Capster,4.4
P008,Kaos Oversize Var3,CLOTHING,81390,44434,2025-01-10,424,Flanello,4.9
P009,Kaos Oversize Var4,CLOTHING,169230,70359,2025-01-10,300,Capster,4.8
P010,Kaos Oversize Var5,CLOTHING,164800,84949,2025-01-10,185,Flanello,4.7
P011,Celana Chino Var1,CLOTHING,145861,87085,2025-01-10,269,Flanello,4.5
P012,Celana Chino Var2,CLOTHING,188858,99554,2025-01-10,336,CottonLab,4.5
P013,Celana Chino Var3,CLOTHING,124921,66712,2025-01-10,499,Flanello,4.6
P014,Celana Chino Var4,CLOTHING,114862,58215,2025-01-10,275,CottonLab,4.5
P015,Celana Chino Var5,CLOTHING,140765,84164,2025-01-10,477,Capster,4.4
P016,Hoodie Zip Var1,CLOTHING,155008,88132,2025-01-10,178,CottonLab,4.8
P017,Hoodie Zip Var2,CLOTHING,152694,73328,2025-01-10,183,CottonLab,4.8
P018,Hoodie Zip Var3,CLOTHING,218682,125801,2025-01-10,311,CottonLab,4.7
P019,Hoodie Zip Var4,CLOTHING,173712,100220,2025-01-10,479,GlowUp,4.3
P020,Hoodie Zip Var5,CLOTHING,106603,47899,2025-01-10,437,Capster,4.4
P021,Topi Bucket Var1,ACCESSORY,223245,108427,2025-01-10,448,GlowUp,4.5
P022,Topi Bucket Var2,ACCESSORY,106262,53333,2025-01-10,196,Flanello,4.8
P023,Topi Bucket Var3,ACCESSORY,110066,57838,2025-01-10,498,GlowUp,4.6
P024,Topi Bucket Var4,ACCESSORY,170864,81386,2025-01-10,389,Capster,4.4
P025,Topi Bucket Var5,ACCESSORY,215024,123027,2025-01-10,155,Flanello,4.7
P026,Tas Tote Var1,ACCESSORY,210763,115956,2025-01-10,478,UrbanWear,4.3
P027,Tas Tote Var2,ACCESSORY,183971,79407,2025-01-10,151,UrbanWear,4.9
P028,Tas Tote Var3,ACCESSORY,116832,58595,2025-01-10,204,UrbanWear,4.8
P029,Tas Tote Var4,ACCESSORY,203080,105965,2025-01-10,228,UrbanWear,4.7
P030,Tas Tote Var5,ACCESSORY,211394,124870,2025-01-10,421,Flanello,4.6
P031,Kacamata Hitam Var1,ACCESSORY,198085,80005,2025-01-10,335,UrbanWear,4.4
P032,Kacamata Hitam Var2,ACCESSORY,133143,76637,2025-01-10,190,Flanello,4.7
P033,Kacamata Hitam Var3,ACCESSORY,88143,52497,2025-01-10,422,CottonLab,4.3
P034,Kacamata Hitam Var4,ACCESSORY,194592,114686,2025-01-10,234,UrbanWear,4.6
P035,Kacamata Hitam Var5,ACCESSORY,229014,110986,2025-01-10,258,Capster,4.7
P036,Sling Bag Var1,ACCESSORY,122730,66592,2025-01-10,354,UrbanWear,4.5
P037,Sling Bag Var2,ACCESSORY,205679,100843,2025-01-10,276,CottonLab,4.2
P038,Sling Bag Var3,ACCESSORY,75514,39090,2025-01-10,267,Capster,4.4
P039,Sling Bag Var4,ACCESSORY,88610,47988,2025-01-10,180,CottonLab,4.2
P040,Sling Bag Var5,ACCESSORY,78234,44744,2025-01-10,186,Capster,4.4
P041,Lip Tint Var1,BEAUTY,245368,121968,2025-01-10,426,CottonLab,4.7
P042,Lip Tint Var2,BEAUTY,219695,113196,2025-01-10,274,GlowUp,4.8
P043,Lip Tint Var3,BEAUTY,119914,50227,2025-01-10,487,GlowUp,4.4
P044,Lip Tint Var4,BEAUTY,177767,87711,2025-01-10,177,Flanello,4.2
P045,Lip Tint Var5,BEAUTY,158946,89028,2025-01-10,205,CottonLab,4.3
P046,Cleansing Foam Var1,BEAUTY,210584,103127,2025-01-10,366,CottonLab,4.4
P047,Cleansing Foam Var2,BEAUTY,135485,77889,2025-01-10,188,GlowUp,4.8
P048,Cleansing Foam Var3,BEAUTY,214264,89901,2025-01-10,483,Capster,4.8
P049,Cleansing Foam Var4,BEAUTY,94448,55277,2025-01-10,271,CottonLab,4.5
P050,Cleansing Foam Var5,BEAUTY,196185,86860,2025-01-10,355,Flanello,4.3
P051,Moisturizer Var1,BEAUTY,70565,42131,2025-01-10,285,GlowUp,4.4
P052,Moisturizer Var2,BEAUTY,215691,114828,2025-01-10,399,CottonLab,4.3
P053,Moisturizer Var3,BEAUTY,127068,75445,2025-01-10,446,Capster,4.2
P054,Moisturizer Var4,BEAUTY,152209,62623,2025-01-10,449,GlowUp,4.6
P055,Moisturizer Var5,BEAUTY,209231,90280,2025-01-10,410,Flanello,4.8
P056,Serum Wajah Var1,BEAUTY,87962,45652,2025-01-10,495,CottonLab,4.5
P057,Serum Wajah Var2,BEAUTY,219336,98535,2025-01-10,454,Flanello,4.6
P058,Serum Wajah Var3,BEAUTY,179897,95610,2025-01-10,439,Capster,4.4
P059,Serum Wajah Var4,BEAUTY,138358,60995,2025-01-10,310,CottonLab,4.4
P060,Serum Wajah Var5,BEAUTY,104308,55735,2025-01-10,303,GlowUp,4.4
P061,Oversize Rok,CLOTHING,146166,80391,2025-07-01,312,CottonLab,4.5
P062,Crinkle Tunik,CLOTHING,177895,97842,2025-07-01,362,Flanello,4.3
P063,Waterproof Sweater,CLOTHING,113658,62511,2025-07-01,413,StyleUp,4.5
P064,Glowing Lipstik,BEAUTY,151751,83463,2025-07-01,500,Capster,4.6
P065,Katun Sweater,CLOTHING,197301,108515,2025-07-01,286,UrbanWear,4.6
P066,Crinkle Jaket,CLOTHING,194151,106783,2025-07-01,337,Flanello,4.6
P067,Glowing Toner,BEAUTY,85206,46863,2025-07-01,264,ComfyCo,4.5
P068,Glowing Jaket,CLOTHING,124194,68306,2025-07-01,362,Flanello,4.3
P069,Matte Gamis,CLOTHING,111791,61485,2025-07-01,401,LocalBrand,4.4
P070,Crinkle Lipstik,BEAUTY,173307,95318,2025-07-01,100,Flanello,4.4
P071,Waterproof Foundation,BEAUTY,192165,105690,2025-07-01,423,TechPro,4.6
P072,Katun Toner,BEAUTY,182459,100352,2025-07-01,399,Flanello,4.5
P073,Katun Toner,BEAUTY,189969,104482,2025-07-01,492,ComfyCo,4.4
P074,Waterproof Toner,BEAUTY,92449,50846,2025-07-01,407,LocalBrand,4.8
P075,Glowing Jaket,CLOTHING,127539,70146,2025-07-01,133,Capster,4.8
P076,Crinkle Tunik,CLOTHING,156414,86027,2025-07-01,288,TechPro,4.6
P077,Oversize Foundation,BEAUTY,153022,84162,2025-07-01,188,ComfyCo,4.5
P078,Denim Blouse,CLOTHING,140054,77029,2025-07-01,393,LocalBrand,4.6
P079,Waterproof Blouse,CLOTHING,153188,84253,2025-07-01,415,Capster,4.4
P080,Denim Jaket,CLOTHING,145457,80001,2025-07-01,199,Flanello,4.5
P081,Plisket Tunik,CLOTHING,132123,72667,2025-07-01,439,ComfyCo,4.6
P082,Flanel Jaket,CLOTHING,199756,109865,2025-07-01,268,LocalBrand,4.5
P083,Crinkle Foundation,BEAUTY,89156,49035,2025-07-01,380,LocalBrand,4.7
P084,Glowing Gamis,CLOTHING,100544,55299,2025-07-01,496,UrbanWear,4.6
P085,Plisket Gamis,CLOTHING,96056,52830,2025-07-01,467,UrbanWear,4.3
P086,Kulot Blouse,CLOTHING,196652,108158,2025-07-01,433,CottonLab,4.3
P087,Waterproof Rok,CLOTHING,85445,46994,2025-07-01,131,Flanello,4.3
P088,Flanel Jaket,CLOTHING,125776,69176,2025-07-01,205,StyleUp,4.8
P089,Oversize Tunik,CLOTHING,172153,94684,2025-07-01,484,Flanello,4.5
P090,Kulot Blouse,CLOTHING,106010,58305,2025-07-01,423,Flanello,4.6
P091,Denim Jaket,CLOTHING,126255,69440,2025-07-01,137,ComfyCo,4.5
P092,Plisket Rok,CLOTHING,131497,72323,2025-07-01,375,Flanello,4.4
P093,Crinkle Blouse,CLOTHING,118217,65019,2025-07-01,485,CottonLab,4.5
P094,Waterproof Blouse,CLOTHING,131726,72449,2025-07-01,483,GlowMax,4.5
P095,Waterproof Rok,CLOTHING,180916,99503,2025-07-01,316,Capster,4.5
P096,Crinkle Toner,BEAUTY,93823,51602,2025-07-01,144,CottonLab,4.6
P097,Denim Blouse,CLOTHING,142417,78329,2025-07-01,474,GlowMax,4.7
P098,Plisket Gamis,CLOTHING,155125,85318,2025-07-01,254,CottonLab,4.4
P099,Waterproof Lipstik,BEAUTY,85197,46858,2025-07-01,490,ComfyCo,4.8
P100,Crinkle Blouse,CLOTHING,107628,59195,2025-07-01,216,StyleUp,4.4
P101,Flanel Blouse,CLOTHING,83066,45686,2025-07-01,183,LocalBrand,4.3
P102,Oversize Gamis,CLOTHING,132461,72853,2025-07-01,483,Flanello,4.6
P103,Waterproof Rok,CLOTHING,170601,93830,2025-07-01,277,LocalBrand,4.4
P104,Plisket Foundation,BEAUTY,177477,97612,2025-07-01,197,StyleUp,4.4
P105,Kulot Rok,CLOTHING,192697,105983,2025-07-01,243,CottonLab,4.3
P106,Kulot Rok,CLOTHING,115888,63738,2025-07-01,296,ComfyCo,4.3
P107,Crinkle Jaket,CLOTHING,98834,54358,2025-07-01,375,TechPro,4.6
P108,Glowing Blouse,CLOTHING,78375,43106,2025-07-01,114,Flanello,4.7
P109,Matte Toner,BEAUTY,99024,54463,2025-07-01,402,LocalBrand,4.6
P110,Oversize Jaket,CLOTHING,115869,63727,2025-07-01,276,CottonLab,4.4
P111,Glowing Jaket,CLOTHING,156703,86186,2025-07-01,366,Capster,4.7
P112,Glowing Blouse,CLOTHING,96890,53289,2025-07-01,112,ComfyCo,4.4
P113,Katun Sweater,CLOTHING,132015,72608,2025-07-01,238,Flanello,4.3
P114,Kulot Rok,CLOTHING,129704,71337,2025-07-01,328,TechPro,4.7
P115,Crinkle Lipstik,BEAUTY,97007,53353,2025-07-01,175,LocalBrand,4.6
P116,Katun Foundation,BEAUTY,135672,74619,2025-07-01,171,StyleUp,4.6
P117,Glowing Blouse,CLOTHING,164234,90328,2025-07-01,164,StyleUp,4.5
P118,Flanel Jaket,CLOTHING,181152,99633,2025-07-01,288,Capster,4.4
P119,Waterproof Sweater,CLOTHING,170807,93943,2025-07-01,283,StyleUp,4.4
P120,Crinkle Blouse,CLOTHING,122631,67447,2025-07-01,192,CottonLab,4.6
P121,Glowing Jaket,CLOTHING,92229,50725,2025-07-01,193,StyleUp,4.6
P122,Crinkle Blouse,CLOTHING,101693,55931,2025-07-01,155,LocalBrand,4.7
P123,Flanel Toner,BEAUTY,117747,64760,2025-07-01,186,ComfyCo,4.7
P124,Katun Gamis,CLOTHING,199536,109744,2025-07-01,357,Flanello,4.3
P125,Glowing Lipstik,BEAUTY,121597,66878,2025-07-01,226,TechPro,4.3
P126,Katun Rok,CLOTHING,178973,98435,2025-07-01,436,CottonLab,4.8
P127,Katun Foundation,BEAUTY,132362,72799,2025-07-01,159,ComfyCo,4.5
P128,Oversize Sweater,CLOTHING,174176,95796,2025-07-01,118,Flanello,4.8
P129,Katun Gamis,CLOTHING,83959,46177,2025-07-01,493,UrbanWear,4.7
P130,Crinkle Tunik,CLOTHING,140242,77133,2025-07-01,282,TechPro,4.4
P131,Kulot Rok,CLOTHING,194950,107222,2025-07-01,130,ComfyCo,4.5
P132,Flanel Foundation,BEAUTY,108957,59926,2025-07-01,394,UrbanWear,4.7
P133,Oversize Rok,CLOTHING,148951,81923,2025-07-01,290,Capster,4.6
P134,Denim Gamis,CLOTHING,94232,51827,2025-07-01,312,Flanello,4.3
P135,Oversize Rok,CLOTHING,120572,66314,2025-07-01,471,StyleUp,4.3
P136,Denim Blouse,CLOTHING,124782,68630,2025-07-01,496,ComfyCo,4.8
P137,Glowing Rok,CLOTHING,139707,76838,2025-07-01,308,Capster,4.4
P138,Kulot Blouse,CLOTHING,147452,81098,2025-07-01,451,GlowMax,4.7
P139,Waterproof Tunik,CLOTHING,193984,106691,2025-07-01,359,ComfyCo,4.7
P140,Waterproof Sweater,CLOTHING,144231,79327,2025-07-01,157,Capster,4.3
P141,Flanel Rok,CLOTHING,135138,74325,2025-07-01,476,Capster,4.4
P142,Crinkle Foundation,BEAUTY,87951,48373,2025-07-01,421,UrbanWear,4.4
P143,Plisket Tunik,CLOTHING,131612,72386,2025-07-01,254,Flanello,4.5
P144,Denim Gamis,CLOTHING,152802,84041,2025-07-01,318,LocalBrand,4.5
P145,Crinkle Foundation,BEAUTY,158497,87173,2025-07-01,225,ComfyCo,4.6
P146,Denim Blouse,CLOTHING,176340,96987,2025-07-01,387,Flanello,4.8
P147,Glowing Foundation,BEAUTY,82896,45592,2025-07-01,360,TechPro,4.6
P148,Kulot Toner,BEAUTY,122394,67316,2025-07-01,142,UrbanWear,4.6
P149,Glowing Foundation,BEAUTY,129175,71046,2025-07-01,416,LocalBrand,4.4
P150,Flanel Foundation,BEAUTY,135648,74606,2025-07-01,203,LocalBrand,4.5
P151,Kulot Lipstik,BEAUTY,74301,40865,2025-07-01,211,LocalBrand,4.6
P152,Flanel Rok,CLOTHING,198816,109348,2025-07-01,105,UrbanWear,4.7
P153,Oversize Rok,CLOTHING,99277,54602,2025-07-01,108,GlowMax,4.6
P154,Plisket Rok,CLOTHING,85171,46844,2025-07-01,444,GlowMax,4.6
P155,Glowing Gamis,CLOTHING,189718,104344,2025-07-01,415,TechPro,4.5
P156,Waterproof Toner,BEAUTY,139180,76549,2025-07-01,458,StyleUp,4.7
P157,Kulot Toner,BEAUTY,170667,93866,2025-07-01,413,CottonLab,4.5
P158,Crinkle Tunik,CLOTHING,196259,107942,2025-07-01,486,Flanello,4.4
P159,Katun Tunik,CLOTHING,173687,95527,2025-07-01,174,Flanello,4.5
P160,Crinkle Lipstik,BEAUTY,92369,50802,2025-07-01,372,CottonLab,4.3
P161,Plisket Lipstik,BEAUTY,172546,94900,2025-07-01,347,TechPro,4.4
P162,Katun Gamis,CLOTHING,125893,69241,2025-07-01,476,StyleUp,4.4
P163,Crinkle Blouse,CLOTHING,86941,47817,2025-07-01,251,Capster,4.6
P164,Waterproof Lipstik,BEAUTY,158183,87000,2025-07-01,403,Capster,4.5
P165,Waterproof Gamis,CLOTHING,176147,96880,2025-07-01,313,Flanello,4.5
P166,Katun Jaket,CLOTHING,112410,61825,2025-07-01,467,StyleUp,4.7
P167,Waterproof Jaket,CLOTHING,96004,52802,2025-07-01,161,Flanello,4.4
P168,Oversize Tunik,CLOTHING,196964,108330,2025-07-01,261,CottonLab,4.3
P169,Flanel Foundation,BEAUTY,168820,92851,2025-07-01,395,TechPro,4.4
P170,Glowing Jaket,CLOTHING,118258,65041,2025-07-01,152,CottonLab,4.7
P171,Oversize Rok,CLOTHING,191761,105468,2025-07-01,278,TechPro,4.8
P172,Crinkle Toner,BEAUTY,174067,95736,2025-07-01,405,StyleUp,4.4
P173,Waterproof Lipstik,BEAUTY,126112,69361,2025-07-01,158,GlowMax,4.6
P174,Waterproof Gamis,CLOTHING,145217,79869,2025-07-01,160,CottonLab,4.3
P175,Katun Jaket,CLOTHING,129885,71436,2025-07-01,210,UrbanWear,4.7
P176,Kulot Lipstik,BEAUTY,111927,61559,2025-07-01,253,CottonLab,4.6
P177,Oversize Blouse,CLOTHING,72861,40073,2025-07-01,124,StyleUp,4.7
P178,Kulot Tunik,CLOTHING,94093,51751,2025-07-01,185,UrbanWear,4.7
P179,Matte Gamis,CLOTHING,80301,44165,2025-07-01,338,LocalBrand,4.3
P180,Waterproof Jaket,CLOTHING,93189,51253,2025-07-01,107,CottonLab,4.8
P181,Crinkle Sweater,CLOTHING,150774,82925,2025-07-01,201,LocalBrand,4.5
P182,Crinkle Blouse,CLOTHING,144969,79732,2025-07-01,125,LocalBrand,4.6
P183,Crinkle Toner,BEAUTY,127821,70301,2025-07-01,302,Flanello,4.3
P184,Flanel Gamis,CLOTHING,136659,75162,2025-07-01,224,ComfyCo,4.6
P185,Glowing Jaket,CLOTHING,78618,43239,2025-07-01,234,CottonLab,4.6
P186,Plisket Sweater,CLOTHING,98860,54373,2025-07-01,125,GlowMax,4.5
P187,Flanel Rok,CLOTHING,118195,65007,2025-07-01,363,StyleUp,4.7
P188,Flanel Tunik,CLOTHING,96587,53122,2025-07-01,251,Flanello,4.5
P189,Denim Tunik,CLOTHING,137404,75572,2025-07-01,219,UrbanWear,4.6
P190,Flanel Lipstik,BEAUTY,186395,102517,2025-07-01,463,ComfyCo,4.8
P191,Plisket Blouse,CLOTHING,83487,45917,2025-07-01,334,StyleUp,4.6
P192,Glowing Toner,BEAUTY,188160,103488,2025-07-01,253,CottonLab,4.5
P193,Denim Toner,BEAUTY,108136,59474,2025-07-01,285,StyleUp,4.7
P194,Flanel Sweater,CLOTHING,121679,66923,2025-07-01,359,LocalBrand,4.7
P195,Crinkle Foundation,BEAUTY,91510,50330,2025-07-01,257,Capster,4.7
P196,Denim Sweater,CLOTHING,109963,60479,2025-07-01,273,StyleUp,4.6
P197,Kulot Lipstik,BEAUTY,138137,75975,2025-07-01,314,ComfyCo,4.4
P198,Kulot Sweater,CLOTHING,114377,62907,2025-07-01,434,TechPro,4.8
P199,Katun Toner,BEAUTY,87902,48346,2025-07-01,328,StyleUp,4.6
P200,Oversize Tunik,CLOTHING,167940,92367,2025-07-01,464,TechPro,4.3
P201,Plisket Gamis,CLOTHING,136928,75310,2025-07-01,189,GlowMax,4.8
P202,Crinkle Blouse,CLOTHING,129057,70981,2025-07-01,248,GlowMax,4.5
P203,Kulot Blouse,CLOTHING,118320,65076,2025-07-01,372,LocalBrand,4.4
P204,Denim Foundation,BEAUTY,87822,48302,2025-07-01,237,UrbanWear,4.6
P205,Katun Gamis,CLOTHING,188275,103551,2025-07-01,326,ComfyCo,4.6
P206,Glowing Sweater,CLOTHING,172233,94728,2025-07-01,180,LocalBrand,4.3
P207,Denim Tunik,CLOTHING,168924,92908,2025-07-01,383,TechPro,4.7
P208,Crinkle Lipstik,BEAUTY,122930,67611,2025-07-01,312,LocalBrand,4.6
P209,Denim Tunik,CLOTHING,89962,49479,2025-07-01,462,Flanello,4.4
P210,Oversize Sweater,CLOTHING,74425,40933,2025-07-01,310,ComfyCo,4.6
P211,Matte Gamis,CLOTHING,96023,52812,2025-07-01,387,LocalBrand,4.8
P212,Plisket Jaket,CLOTHING,98415,54128,2025-07-01,142,StyleUp,4.3
P213,Flanel Foundation,BEAUTY,143606,78983,2025-07-01,362,UrbanWear,4.4
P214,Katun Blouse,CLOTHING,185876,102231,2025-07-01,350,Capster,4.6
P215,Glowing Jaket,CLOTHING,159374,87655,2025-07-01,457,StyleUp,4.6
P216,Glowing Rok,CLOTHING,134811,74146,2025-07-01,433,LocalBrand,4.8
P217,Flanel Blouse,CLOTHING,71278,39202,2025-07-01,331,LocalBrand,4.3
P218,Waterproof Foundation,BEAUTY,102953,56624,2025-07-01,357,TechPro,4.5
P219,Waterproof Foundation,BEAUTY,189521,104236,2025-07-01,142,StyleUp,4.8
P220,Kulot Gamis,CLOTHING,176211,96916,2025-07-01,366,GlowMax,4.4
P221,Oversize Sweater,CLOTHING,107642,59203,2025-07-01,419,ComfyCo,4.4
P222,Crinkle Foundation,BEAUTY,124039,68221,2025-07-01,454,ComfyCo,4.5
P223,Kulot Tunik,CLOTHING,124287,68357,2025-07-01,187,StyleUp,4.4
P224,Katun Tunik,CLOTHING,135881,74734,2025-07-01,153,LocalBrand,4.6
P225,Matte Lipstik,BEAUTY,198371,109104,2025-07-01,327,CottonLab,4.4
P226,Kulot Rok,CLOTHING,149162,82039,2025-07-01,109,Capster,4.6
P227,Flanel Lipstik,BEAUTY,125651,69108,2025-07-01,286,StyleUp,4.6
P228,Kulot Toner,BEAUTY,169673,93320,2025-07-01,429,StyleUp,4.7
P229,Oversize Tunik,CLOTHING,149398,82168,2025-07-01,384,TechPro,4.4
P230,Matte Tunik,CLOTHING,103626,56994,2025-07-01,214,CottonLab,4.6
P231,Denim Rok,CLOTHING,151728,83450,2025-07-01,347,UrbanWear,4.7
P232,Glowing Blouse,CLOTHING,95030,52266,2025-07-01,376,GlowMax,4.8
P233,Oversize Toner,BEAUTY,161017,88559,2025-07-01,288,GlowMax,4.5
P234,Crinkle Rok,CLOTHING,129928,71460,2025-07-01,185,UrbanWear,4.3
P235,Oversize Sweater,CLOTHING,154195,84807,2025-07-01,191,StyleUp,4.5
P236,Waterproof Foundation,BEAUTY,173047,95175,2025-07-01,434,GlowMax,4.7
P237,Denim Toner,BEAUTY,111950,61572,2025-07-01,359,Capster,4.6
P238,Plisket Lipstik,BEAUTY,83197,45758,2025-07-01,153,StyleUp,4.6
P239,Oversize Toner,BEAUTY,141509,77829,2025-07-01,209,CottonLab,4.4
P240,Kulot Tunik,CLOTHING,178251,98038,2025-07-01,113,CottonLab,4.6
P241,Glowing Foundation,BEAUTY,83704,46037,2025-07-01,320,TechPro,4.8
P242,Crinkle Tunik,CLOTHING,72967,40131,2025-07-01,200,Capster,4.4
P243,Matte Lipstik,BEAUTY,170794,93936,2025-07-01,122,CottonLab,4.6
P244,Plisket Rok,CLOTHING,151095,83102,2025-07-01,222,GlowMax,4.3
P245,Glowing Rok,CLOTHING,80250,44137,2025-07-01,220,TechPro,4.5
P246,Flanel Rok,CLOTHING,172466,94856,2025-07-01,169,TechPro,4.5
P247,Glowing Rok,CLOTHING,175865,96725,2025-07-01,299,CottonLab,4.3
P248,Denim Sweater,CLOTHING,143919,79155,2025-07-01,124,GlowMax,4.5
P249,Flanel Gamis,CLOTHING,108799,59839,2025-07-01,317,ComfyCo,4.6
P250,Crinkle Rok,CLOTHING,158490,87169,2025-07-01,241,ComfyCo,4.6
P251,Flanel Rok,CLOTHING,151700,83435,2025-07-01,121,LocalBrand,4.7
P252,Crinkle Jaket,CLOTHING,198546,109200,2025-07-01,113,UrbanWear,4.5
P253,Kulot Gamis,CLOTHING,96886,53287,2025-07-01,180,Flanello,4.4
P254,Matte Tunik,CLOTHING,194787,107132,2025-07-01,383,UrbanWear,4.4
P255,Glowing Foundation,BEAUTY,177493,97621,2025-07-01,307,UrbanWear,4.7
P256,Kulot Tunik,CLOTHING,88181,48499,2025-07-01,121,LocalBrand,4.6
P257,Crinkle Gamis,CLOTHING,183573,100965,2025-07-01,157,GlowMax,4.5
P258,Denim Toner,BEAUTY,102459,56352,2025-07-01,319,Flanello,4.5
P259,Katun Toner,BEAUTY,161566,88861,2025-07-01,206,CottonLab,4.5
P260,Kulot Lipstik,BEAUTY,198536,109194,2025-07-01,230,Capster,4.8
P261,Crinkle Blouse,CLOTHING,197123,108417,2025-07-01,115,Capster,4.6
P262,Denim Rok,CLOTHING,94289,51858,2025-07-01,471,GlowMax,4.6
P263,Crinkle Jaket,CLOTHING,100190,55104,2025-07-01,403,TechPro,4.7
P264,Plisket Lipstik,BEAUTY,76629,42145,2025-07-01,352,UrbanWear,4.4
P265,Oversize Toner,BEAUTY,125768,69172,2025-07-01,324,LocalBrand,4.4
P266,Crinkle Gamis,CLOTHING,82606,45433,2025-07-01,189,UrbanWear,4.5
P267,Matte Gamis,CLOTHING,109897,60443,2025-07-01,281,LocalBrand,4.5
P268,Flanel Tunik,CLOTHING,187929,103360,2025-07-01,103,Capster,4.4
P269,Oversize Toner,BEAUTY,174392,95915,2025-07-01,163,StyleUp,4.7
P270,Denim Tunik,CLOTHING,199437,109690,2025-07-01,163,UrbanWear,4.7
P271,Matte Sweater,CLOTHING,155530,85541,2025-07-01,285,LocalBrand,4.8
P272,Denim Toner,BEAUTY,165399,90969,2025-07-01,241,ComfyCo,4.7
P273,Flanel Toner,BEAUTY,70781,38929,2025-07-01,140,GlowMax,4.6
P274,Crinkle Tunik,CLOTHING,165659,91112,2025-07-01,403,ComfyCo,4.3
P275,Denim Blouse,CLOTHING,163020,89661,2025-07-01,176,CottonLab,4.6
P276,Glowing Jaket,CLOTHING,123065,67685,2025-07-01,441,Capster,4.7
P277,Waterproof Foundation,BEAUTY,100969,55532,2025-07-01,405,CottonLab,4.3
P278,Kulot Sweater,CLOTHING,178900,98395,2025-07-01,466,StyleUp,4.6
P279,Flanel Sweater,CLOTHING,140196,77107,2025-07-01,498,Capster,4.4
P280,Denim Tunik,CLOTHING,173897,95643,2025-07-01,360,UrbanWear,4.6
P281,Plisket Tunik,CLOTHING,197190,108454,2025-07-01,333,TechPro,4.7
P282,Oversize Blouse,CLOTHING,125109,68809,2025-07-01,455,LocalBrand,4.3
P283,Plisket Gamis,CLOTHING,165301,90915,2025-07-01,120,StyleUp,4.3
P284,Katun Lipstik,BEAUTY,125645,69104,2025-07-01,412,Capster,4.5
P285,Waterproof Blouse,CLOTHING,138423,76132,2025-07-01,227,GlowMax,4.7
P286,Crinkle Blouse,CLOTHING,185228,101875,2025-07-01,128,Capster,4.6
P287,Waterproof Toner,BEAUTY,157198,86458,2025-07-01,433,Flanello,4.5
P288,Flanel Toner,BEAUTY,107082,58895,2025-07-01,317,GlowMax,4.5
P289,Denim Tunik,CLOTHING,155922,85757,2025-07-01,471,GlowMax,4.6
P290,Kulot Toner,BEAUTY,180993,99546,2025-07-01,320,LocalBrand,4.7
P291,Waterproof Lipstik,BEAUTY,155149,85331,2025-07-01,327,Flanello,4.4
P292,Waterproof Rok,CLOTHING,87843,48313,2025-07-01,365,Capster,4.4
P293,Crinkle Sweater,CLOTHING,195193,107356,2025-07-01,247,GlowMax,4.6
P294,Katun Jaket,CLOTHING,134710,74090,2025-07-01,489,LocalBrand,4.8
P295,Matte Tunik,CLOTHING,156479,86063,2025-07-01,351,LocalBrand,4.4
P296,Katun Blouse,CLOTHING,134256,73840,2025-07-01,136,Capster,4.7
P297,Crinkle Gamis,CLOTHING,104475,57461,2025-07-01,317,UrbanWear,4.8
P298,Plisket Tunik,CLOTHING,193617,106489,2025-07-01,368,Flanello,4.4
P299,Plisket Jaket,CLOTHING,144638,79550,2025-07-01,296,LocalBrand,4.5
P300,Flanel Sweater,CLOTHING,105759,58167,2025-07-01,310,GlowMax,4.4
P301,Oversize Blouse,CLOTHING,153184,84251,2025-07-01,439,UrbanWear,4.6
P302,Glowing Lipstik,BEAUTY,88438,48640,2025-07-01,172,UrbanWear,4.4
P303,Glowing Foundation,BEAUTY,146949,80821,2025-07-01,470,Flanello,4.3
P304,Denim Sweater,CLOTHING,128960,70928,2025-07-01,471,TechPro,4.3
P305,Denim Jaket,CLOTHING,105580,58069,2025-07-01,176,CottonLab,4.7
P306,Flanel Foundation,BEAUTY,182748,100511,2025-07-01,423,Flanello,4.5
P307,Oversize Foundation,BEAUTY,89231,49077,2025-07-01,491,Capster,4.8
P308,Glowing Lipstik,BEAUTY,196760,108218,2025-07-01,334,TechPro,4.6
P309,Waterproof Jaket,CLOTHING,136332,74982,2025-07-01,439,LocalBrand,4.5
P310,Oversize Foundation,BEAUTY,73867,40626,2025-07-01,385,UrbanWear,4.7
P311,Crinkle Jaket,CLOTHING,116033,63818,2025-07-01,226,TechPro,4.5
P312,Waterproof Sweater,CLOTHING,94505,51977,2025-07-01,131,UrbanWear,4.5
P313,Denim Foundation,BEAUTY,79739,43856,2025-07-01,165,StyleUp,4.8
P314,Denim Rok,CLOTHING,164127,90269,2025-07-01,238,ComfyCo,4.5
P315,Katun Sweater,CLOTHING,115660,63613,2025-07-01,271,ComfyCo,4.8
P316,Waterproof Rok,CLOTHING,119461,65703,2025-07-01,411,StyleUp,4.7
P317,Glowing Gamis,CLOTHING,71001,39050,2025-07-01,377,StyleUp,4.7
P318,Plisket Jaket,CLOTHING,154047,84725,2025-07-01,125,UrbanWear,4.4
P319,Oversize Sweater,CLOTHING,84500,46475,2025-07-01,467,Flanello,4.5
P320,Matte Blouse,CLOTHING,92171,50694,2025-07-01,192,GlowMax,4.7
P321,Flanel Foundation,BEAUTY,79784,43881,2025-07-01,304,UrbanWear,4.6
P322,Matte Sweater,CLOTHING,183729,101050,2025-07-01,232,GlowMax,4.6
P323,Plisket Tunik,CLOTHING,129515,71233,2025-07-01,473,StyleUp,4.7
P324,Oversize Foundation,BEAUTY,152271,83749,2025-07-01,490,Flanello,4.3
P325,Plisket Gamis,CLOTHING,185702,102136,2025-07-01,490,TechPro,4.7
P326,Glowing Blouse,CLOTHING,97601,53680,2025-07-01,248,UrbanWear,4.7
P327,Crinkle Tunik,CLOTHING,79001,43450,2025-07-01,250,LocalBrand,4.7
P328,Katun Tunik,CLOTHING,108760,59818,2025-07-01,227,TechPro,4.7
P329,Crinkle Blouse,CLOTHING,163216,89768,2025-07-01,175,CottonLab,4.8
P330,Denim Lipstik,BEAUTY,183193,100756,2025-07-01,398,UrbanWear,4.4
P331,Plisket Sweater,CLOTHING,125248,68886,2025-07-01,165,Flanello,4.7
P332,Waterproof Toner,BEAUTY,169770,93373,2025-07-01,453,UrbanWear,4.5
P333,Plisket Toner,BEAUTY,195826,107704,2025-07-01,320,Flanello,4.3
P334,Waterproof Sweater,CLOTHING,157048,86376,2025-07-01,189,CottonLab,4.3
P335,Flanel Lipstik,BEAUTY,114369,62902,2025-07-01,357,CottonLab,4.4
P336,Glowing Lipstik,BEAUTY,133995,73697,2025-07-01,415,Flanello,4.4
P337,Denim Toner,BEAUTY,142604,78432,2025-07-01,261,LocalBrand,4.4
P338,Katun Foundation,BEAUTY,168422,92632,2025-07-01,190,TechPro,4.5
P339,Matte Sweater,CLOTHING,187546,103150,2025-07-01,222,Capster,4.6
P340,Plisket Gamis,CLOTHING,162888,89588,2025-07-01,489,ComfyCo,4.8
P341,Glowing Jaket,CLOTHING,172696,94982,2025-07-01,126,CottonLab,4.4
P342,Glowing Tunik,CLOTHING,91930,50561,2025-07-01,278,LocalBrand,4.7
P343,Crinkle Rok,CLOTHING,107470,59108,2025-07-01,351,LocalBrand,4.6
P344,Crinkle Jaket,CLOTHING,161679,88923,2025-07-01,335,Capster,4.6
P345,Kulot Foundation,BEAUTY,160951,88523,2025-07-01,123,StyleUp,4.5
P346,Matte Toner,BEAUTY,153376,84356,2025-07-01,456,GlowMax,4.6
P347,Kulot Rok,CLOTHING,106452,58548,2025-07-01,312,StyleUp,4.5
P348,Flanel Blouse,CLOTHING,103095,56702,2025-07-01,430,LocalBrand,4.3
P349,Waterproof Toner,BEAUTY,79388,43663,2025-07-01,447,UrbanWear,4.7
P350,Plisket Gamis,CLOTHING,174502,95976,2025-07-01,243,UrbanWear,4.3
P351,Matte Tunik,CLOTHING,157320,86526,2025-07-01,451,Flanello,4.5
P352,Flanel Lipstik,BEAUTY,175296,96412,2025-07-01,326,Flanello,4.5
P353,Flanel Tunik,CLOTHING,168134,92473,2025-07-01,297,Flanello,4.5
P354,Matte Foundation,BEAUTY,193668,106517,2025-07-01,125,GlowMax,4.7
P355,Katun Blouse,CLOTHING,170087,93547,2025-07-01,179,Capster,4.3
P356,Katun Toner,BEAUTY,199536,109744,2025-07-01,217,TechPro,4.6
P357,Matte Lipstik,BEAUTY,180399,99219,2025-07-01,135,UrbanWear,4.5
P358,Denim Toner,BEAUTY,86578,47617,2025-07-01,254,CottonLab,4.7
P359,Plisket Rok,CLOTHING,186294,102461,2025-07-01,398,LocalBrand,4.4
P360,Crinkle Lipstik,BEAUTY,115183,63350,2025-07-01,467,GlowMax,4.7
P361,Flanel Tunik,CLOTHING,188415,103628,2025-07-01,366,Flanello,4.3
P362,Glowing Gamis,CLOTHING,105246,57885,2025-07-01,112,StyleUp,4.4
P363,Kulot Sweater,CLOTHING,84670,46568,2025-07-01,367,LocalBrand,4.3
P364,Waterproof Toner,BEAUTY,104023,57212,2025-07-01,392,LocalBrand,4.4
P365,Glowing Blouse,CLOTHING,73898,40643,2025-07-01,236,LocalBrand,4.6
P366,Kulot Toner,BEAUTY,177709,97739,2025-07-01,367,LocalBrand,4.7
P367,Oversize Sweater,CLOTHING,116452,64048,2025-07-01,334,TechPro,4.6
P368,Waterproof Rok,CLOTHING,105465,58005,2025-07-01,395,StyleUp,4.7
P369,Glowing Rok,CLOTHING,199536,109744,2025-07-01,463,Flanello,4.5
P370,Kulot Gamis,CLOTHING,99622,54792,2025-07-01,496,UrbanWear,4.7
P371,Waterproof Jaket,CLOTHING,171964,94580,2025-07-01,297,ComfyCo,4.6
P372,Denim Tunik,CLOTHING,149040,81972,2025-07-01,477,CottonLab,4.4
P373,Kulot Jaket,CLOTHING,72324,39778,2025-07-01,141,StyleUp,4.6
P374,Katun Lipstik,BEAUTY,106600,58630,2025-07-01,130,GlowMax,4.5
P375,Katun Jaket,CLOTHING,85644,47104,2025-07-01,191,GlowMax,4.5
P376,Denim Foundation,BEAUTY,142684,78476,2025-07-01,470,StyleUp,4.4
P377,Flanel Tunik,CLOTHING,76734,42203,2025-07-01,202,Capster,4.4
P378,Waterproof Sweater,CLOTHING,195433,107488,2025-07-01,453,ComfyCo,4.8
P379,Plisket Jaket,CLOTHING,73151,40233,2025-07-01,230,TechPro,4.4
P380,Waterproof Toner,BEAUTY,138522,76187,2025-07-01,100,StyleUp,4.4
P381,Flanel Foundation,BEAUTY,152779,84028,2025-07-01,145,GlowMax,4.6
P382,Kulot Sweater,CLOTHING,105787,58182,2025-07-01,390,GlowMax,4.6
P383,Denim Lipstik,BEAUTY,183662,101014,2025-07-01,274,UrbanWear,4.4
P384,Waterproof Rok,CLOTHING,109886,60437,2025-07-01,293,Capster,4.8
P385,Oversize Foundation,BEAUTY,117767,64771,2025-07-01,131,ComfyCo,4.4
P386,Kulot Jaket,CLOTHING,127646,70205,2025-07-01,384,LocalBrand,4.3
P387,Waterproof Foundation,BEAUTY,180018,99009,2025-07-01,176,ComfyCo,4.7
P388,Denim Foundation,BEAUTY,149934,82463,2025-07-01,498,StyleUp,4.3
P389,Crinkle Sweater,CLOTHING,124951,68723,2025-07-01,129,UrbanWear,4.6
P390,Glowing Jaket,CLOTHING,133676,73521,2025-07-01,241,ComfyCo,4.4
P391,Flanel Jaket,CLOTHING,148427,81634,2025-07-01,301,CottonLab,4.4
P392,Denim Jaket,CLOTHING,99457,54701,2025-07-01,269,ComfyCo,4.4
P393,Oversize Lipstik,BEAUTY,129684,71326,2025-07-01,420,StyleUp,4.4
P394,Matte Lipstik,BEAUTY,84948,46721,2025-07-01,343,UrbanWear,4.4
P395,Glowing Gamis,CLOTHING,187139,102926,2025-07-01,177,LocalBrand,4.5
P396,Plisket Rok,CLOTHING,137416,75578,2025-07-01,193,TechPro,4.3
P397,Katun Blouse,CLOTHING,171113,94112,2025-07-01,370,CottonLab,4.5
P398,Oversize Toner,BEAUTY,107820,59301,2025-07-01,314,CottonLab,4.6
P399,Katun Gamis,CLOTHING,90151,49583,2025-07-01,263,TechPro,4.6
P400,Waterproof Tunik,CLOTHING,100680,55374,2025-07-01,483,CottonLab,4.4
P401,Matte Foundation,BEAUTY,113606,62483,2025-07-01,160,Capster,4.7
P402,Plisket Jaket,CLOTHING,129096,71002,2025-07-01,130,CottonLab,4.6
P403,Kulot Foundation,BEAUTY,129103,71006,2025-07-01,214,ComfyCo,4.7
P404,Kulot Toner,BEAUTY,189323,104127,2025-07-01,400,UrbanWear,4.4
P405,Denim Lipstik,BEAUTY,145643,80103,2025-07-01,398,TechPro,4.8
P406,Denim Tunik,CLOTHING,199565,109760,2025-07-01,450,TechPro,4.4
P407,Matte Lipstik,BEAUTY,78027,42914,2025-07-01,404,GlowMax,4.4
P408,Denim Blouse,CLOTHING,196283,107955,2025-07-01,230,StyleUp,4.6
P409,Oversize Blouse,CLOTHING,126703,69686,2025-07-01,145,LocalBrand,4.7
P410,Oversize Jaket,CLOTHING,150653,82859,2025-07-01,236,StyleUp,4.4
P411,Crinkle Sweater,CLOTHING,196737,108205,2025-07-01,489,Flanello,4.5
P412,Waterproof Foundation,BEAUTY,133491,73420,2025-07-01,362,UrbanWear,4.7
P413,Katun Foundation,BEAUTY,111165,61140,2025-07-01,492,Capster,4.5
P414,Oversize Jaket,CLOTHING,166067,91336,2025-07-01,127,LocalBrand,4.4
P415,Flanel Tunik,CLOTHING,79233,43578,2025-07-01,407,GlowMax,4.5
P416,Glowing Sweater,CLOTHING,76949,42321,2025-07-01,233,UrbanWear,4.7
P417,Plisket Toner,BEAUTY,108110,59460,2025-07-01,381,ComfyCo,4.8
P418,Denim Sweater,CLOTHING,190977,105037,2025-07-01,433,LocalBrand,4.7
P419,Glowing Tunik,CLOTHING,155655,85610,2025-07-01,259,ComfyCo,4.6
P420,Glowing Toner,BEAUTY,125284,68906,2025-07-01,312,UrbanWear,4.4
P421,Plisket Lipstik,BEAUTY,142569,78412,2025-07-01,106,Flanello,4.3
P422,Waterproof Blouse,CLOTHING,131467,72306,2025-07-01,128,LocalBrand,4.6
P423,Oversize Foundation,BEAUTY,90417,49729,2025-07-01,279,UrbanWear,4.5
P424,Matte Sweater,CLOTHING,136814,75247,2025-07-01,291,Capster,4.3
P425,Matte Tunik,CLOTHING,171153,94134,2025-07-01,290,LocalBrand,4.6
P426,Waterproof Rok,CLOTHING,133521,73436,2025-07-01,210,UrbanWear,4.8
P427,Plisket Lipstik,BEAUTY,184257,101341,2025-07-01,167,CottonLab,4.4
P428,Oversize Tunik,CLOTHING,141998,78098,2025-07-01,136,CottonLab,4.5
P429,Denim Rok,CLOTHING,155705,85637,2025-07-01,335,CottonLab,4.8
P430,Denim Rok,CLOTHING,159318,87624,2025-07-01,303,LocalBrand,4.7
P431,Denim Jaket,CLOTHING,160182,88100,2025-07-01,499,Capster,4.6
P432,Kulot Sweater,CLOTHING,127222,69972,2025-07-01,271,CottonLab,4.7
P433,Plisket Sweater,CLOTHING,114123,62767,2025-07-01,250,GlowMax,4.4
P434,Glowing Foundation,BEAUTY,115246,63385,2025-07-01,269,StyleUp,4.4
P435,Waterproof Gamis,CLOTHING,161306,88718,2025-07-01,286,GlowMax,4.5
P436,Denim Lipstik,BEAUTY,163269,89797,2025-07-01,333,CottonLab,4.7
P437,Matte Rok,CLOTHING,153863,84624,2025-07-01,194,TechPro,4.6
P438,Oversize Tunik,CLOTHING,134062,73734,2025-07-01,198,Flanello,4.5
P439,Denim Toner,BEAUTY,137587,75672,2025-07-01,180,TechPro,4.5
P440,Kulot Rok,CLOTHING,158315,87073,2025-07-01,228,Flanello,4.7
P441,Kulot Jaket,CLOTHING,188634,103748,2025-07-01,108,TechPro,4.5
P442,Flanel Gamis,CLOTHING,147919,81355,2025-07-01,420,CottonLab,4.3
P443,Plisket Blouse,CLOTHING,160851,88468,2025-07-01,285,Flanello,4.3
P444,Plisket Lipstik,BEAUTY,76638,42150,2025-07-01,201,StyleUp,4.7
P445,Flanel Toner,BEAUTY,87637,48200,2025-07-01,407,GlowMax,4.7
P446,Plisket Tunik,CLOTHING,155073,85290,2025-07-01,293,TechPro,4.6
P447,Matte Blouse,CLOTHING,85671,47119,2025-07-01,330,CottonLab,4.7
P448,Denim Tunik,CLOTHING,195368,107452,2025-07-01,276,LocalBrand,4.7
P449,Flanel Lipstik,BEAUTY,86772,47724,2025-07-01,321,ComfyCo,4.6
P450,Plisket Tunik,CLOTHING,101665,55915,2025-07-01,444,UrbanWear,4.5
P451,Plisket Toner,BEAUTY,164577,90517,2025-07-01,247,TechPro,4.7
P452,Waterproof Toner,BEAUTY,124730,68601,2025-07-01,259,Capster,4.5
P453,Glowing Sweater,CLOTHING,111573,61365,2025-07-01,146,LocalBrand,4.5
P454,Glowing Foundation,BEAUTY,122571,67414,2025-07-01,413,GlowMax,4.6
P455,Plisket Lipstik,BEAUTY,116761,64218,2025-07-01,136,ComfyCo,4.6
P456,Katun Rok,CLOTHING,104351,57393,2025-07-01,110,TechPro,4.4
P457,Waterproof Rok,CLOTHING,80770,44423,2025-07-01,375,CottonLab,4.5
P458,Katun Gamis,CLOTHING,106436,58539,2025-07-01,185,UrbanWear,4.7
P459,Plisket Toner,BEAUTY,80151,44083,2025-07-01,108,UrbanWear,4.4
P460,Plisket Blouse,CLOTHING,77800,42790,2025-07-01,171,UrbanWear,4.7
P461,Denim Gamis,CLOTHING,102370,56303,2025-07-01,229,LocalBrand,4.7
P462,Oversize Toner,BEAUTY,147706,81238,2025-07-01,381,CottonLab,4.6
P463,Waterproof Blouse,CLOTHING,181198,99658,2025-07-01,386,CottonLab,4.7
P464,Kulot Blouse,CLOTHING,101463,55804,2025-07-01,462,Flanello,4.4
P465,Waterproof Rok,CLOTHING,163396,89867,2025-07-01,316,Capster,4.6
P466,Crinkle Blouse,CLOTHING,156435,86039,2025-07-01,483,TechPro,4.7
P467,Plisket Lipstik,BEAUTY,157424,86583,2025-07-01,182,TechPro,4.3
P468,Oversize Jaket,CLOTHING,130158,71586,2025-07-01,140,TechPro,4.8
P469,Oversize Toner,BEAUTY,120376,66206,2025-07-01,151,Capster,4.3
P470,Glowing Jaket,CLOTHING,177978,97887,2025-07-01,389,UrbanWear,4.5
P471,Matte Blouse,CLOTHING,148163,81489,2025-07-01,350,Flanello,4.4
P472,Plisket Foundation,BEAUTY,94860,52173,2025-07-01,252,TechPro,4.7
P473,Denim Toner,BEAUTY,86182,47400,2025-07-01,176,GlowMax,4.6
P474,Matte Foundation,BEAUTY,123742,68058,2025-07-01,166,ComfyCo,4.4
P475,Katun Tunik,CLOTHING,125780,69179,2025-07-01,303,CottonLab,4.7
P476,Glowing Foundation,BEAUTY,101719,55945,2025-07-01,331,CottonLab,4.6
P477,Katun Gamis,CLOTHING,152658,83961,2025-07-01,442,Flanello,4.6
P478,Kulot Tunik,CLOTHING,97404,53572,2025-07-01,117,ComfyCo,4.5
P479,Matte Lipstik,BEAUTY,89711,49341,2025-07-01,100,Capster,4.6
P480,Plisket Blouse,CLOTHING,79979,43988,2025-07-01,454,StyleUp,4.4
P481,Waterproof Blouse,CLOTHING,179991,98995,2025-07-01,142,UrbanWear,4.5
P482,Flanel Gamis,CLOTHING,123672,68019,2025-07-01,331,LocalBrand,4.4
P483,Katun Blouse,CLOTHING,197774,108775,2025-07-01,323,TechPro,4.6
P484,Glowing Sweater,CLOTHING,128759,70817,2025-07-01,433,GlowMax,4.7
P485,Kulot Rok,CLOTHING,145863,80224,2025-07-01,184,CottonLab,4.6
P486,Katun Lipstik,BEAUTY,149304,82117,2025-07-01,151,Capster,4.5
P487,Plisket Toner,BEAUTY,149506,82228,2025-07-01,377,GlowMax,4.7
P488,Denim Tunik,CLOTHING,190662,104864,2025-07-01,168,CottonLab,4.6
P489,Katun Rok,CLOTHING,171795,94487,2025-07-01,123,ComfyCo,4.4
P490,Oversize Jaket,CLOTHING,77676,42721,2025-07-01,220,UrbanWear,4.5
P491,Flanel Toner,BEAUTY,149016,81958,2025-07-01,313,ComfyCo,4.6
P492,Denim Lipstik,BEAUTY,153165,84240,2025-07-01,418,CottonLab,4.7
P493,Flanel Jaket,CLOTHING,144702,79586,2025-07-01,356,StyleUp,4.8
P494,Flanel Toner,BEAUTY,161588,88873,2025-07-01,315,ComfyCo,4.5
P495,Denim Gamis,CLOTHING,183376,100856,2025-07-01,435,LocalBrand,4.7
P496,Glowing Tunik,CLOTHING,166296,91462,2025-07-01,204,LocalBrand,4.4
P497,Flanel Blouse,CLOTHING,197876,108831,2025-07-01,469,Flanello,4.4
P498,Flanel Lipstik,BEAUTY,93644,51504,2025-07-01,194,LocalBrand,4.3
P499,Glowing Gamis,CLOTHING,102080,56144,2025-07-01,493,StyleUp,4.6
P500,Glowing Lipstik,BEAUTY,178683,98275,2025-07-01,308,TechPro,4.7
P501,Katun Blouse,CLOTHING,108429,59635,2025-07-01,138,Capster,4.4
P502,Waterproof Toner,BEAUTY,114078,62742,2025-07-01,388,LocalBrand,4.5
P503,Glowing Tunik,CLOTHING,155301,85415,2025-07-01,364,ComfyCo,4.6
P504,Flanel Toner,BEAUTY,104168,57292,2025-07-01,243,CottonLab,4.7
P505,Crinkle Tunik,CLOTHING,177380,97559,2025-07-01,291,LocalBrand,4.5
P506,Flanel Foundation,BEAUTY,175348,96441,2025-07-01,228,UrbanWear,4.5
P507,Crinkle Rok,CLOTHING,106301,58465,2025-07-01,199,GlowMax,4.3
P508,Flanel Gamis,CLOTHING,183068,100687,2025-07-01,200,ComfyCo,4.6
P509,Denim Sweater,CLOTHING,97856,53820,2025-07-01,302,TechPro,4.4
P510,Crinkle Lipstik,BEAUTY,143232,78777,2025-07-01,189,GlowMax,4.6
P511,Flanel Toner,BEAUTY,144873,79680,2025-07-01,115,TechPro,4.7
P512,Oversize Lipstik,BEAUTY,87465,48105,2025-07-01,389,Flanello,4.6
